blockDate,transparentPercentage,shieldedPercentage
2016-10-28,0.7565570725716753,0.2434429274283247
2016-10-29,0.8926933468798877,0.10730665312011235
2016-10-30,0.9257601613347486,0.07423983866525627
2016-10-31,0.9241406747229857,0.07585932527702695
2016-11-01,0.939753681256441,0.060246318743567256
2016-11-02,0.9612834359591055,0.03871656404090225
2016-11-03,0.9629156383426604,0.03708436165734688
2016-11-04,0.9669582714449496,0.03304172855505586
2016-11-05,0.9691580758863252,0.03084192411368058
2016-11-06,0.9759430030194264,0.024056996980577037
2016-11-07,0.9859423734861928,0.014057626513809712
2016-11-08,0.9872848936043274,0.01271510639567406
2016-11-09,0.9877208526145906,0.01227914738541037
2016-11-10,0.9803700218660192,0.01962997813398201
2016-11-11,0.9875588763840997,0.01244112361590234
2016-11-12,0.991220886805975,0.008779113194027223
2016-11-13,0.9916731622970357,0.008326837702966754
2016-11-14,0.991357576463269,0.008642423536733087
2016-11-15,0.992267141858304,0.007732858141697475
2016-11-16,0.9915395159076059,0.00846048409239493
2016-11-17,0.9935654101538208,0.006434589846180401
2016-11-18,0.9923165685275165,0.007683431472484977
2016-11-19,0.9933770655340187,0.006622934465982456
2016-11-20,0.9936411009797326,0.006358899020268432
2016-11-21,0.9923862070925346,0.007613792907465923
2016-11-22,0.9944835613505851,0.005516438649415561
2016-11-23,0.9943076676991375,0.005692332300863506
2016-11-24,0.9941345025311228,0.005865497468877426
2016-11-25,0.9932571426630048,0.006742857336995681
2016-11-26,0.9914227433242625,0.008577256675738153
2016-11-27,0.992747831004345,0.007252168995655654
2016-11-28,0.9940222418129332,0.005977758187067301
2016-11-29,0.994556277165566,0.005443722834434372
2016-11-30,0.9952019274930021,0.004798072506998202
2016-12-01,0.9943971373100966,0.005602862689903205
2016-12-02,0.994461570895128,0.0055384291048719845
2016-12-03,0.9953800609283804,0.004619939071619282
2016-12-04,0.9952965936107413,0.004703406389258314
2016-12-05,0.9954469640663444,0.004553035933655493
2016-12-06,0.994634266434416,0.005365733565584224
2016-12-07,0.9946568879022406,0.005343112097759947
2016-12-08,0.9947907970828439,0.005209202917156447
2016-12-09,0.9944260372947352,0.005573962705265127
2016-12-10,0.9938386208351532,0.006161379164846695
2016-12-11,0.9947922970814752,0.00520770291852431
2016-12-12,0.9953755285341978,0.00462447146580123
2016-12-13,0.9948003963637546,0.005199603636244008
2016-12-14,0.9945611099211743,0.005438890078823603
2016-12-15,0.9946117529805734,0.0053882470194244435
2016-12-16,0.9946265712500073,0.005373428749990504
2016-12-17,0.9949639678284579,0.00503603217153998
2016-12-18,0.9950234366092308,0.004976563390766534
2016-12-19,0.9723622939235399,0.027637706076457862
2016-12-20,0.9764302536302877,0.023569746369710078
2016-12-21,0.9474497931894794,0.052550206810518335
2016-12-22,0.9483191831361077,0.05168081686389051
2016-12-23,0.9618547833062678,0.03814521669373062
2016-12-24,0.9636489442742108,0.036351055725787985
2016-12-25,0.964038197271644,0.03596180272835491
2016-12-26,0.9649344490381729,0.03506555096182607
2016-12-27,0.9784678620386484,0.021532137961350818
2016-12-28,0.9894206109737217,0.0105793890262772
2016-12-29,0.9932641462255218,0.006735853774477098
2016-12-30,0.9905331979716587,0.009466802028340009
2016-12-31,0.9919509772491238,0.008049022750874657
2017-01-01,0.9927524685168936,0.007247531483105405
2017-01-02,0.9927204802518771,0.007279519748121982
2017-01-03,0.9926354860669523,0.007364513933046403
2017-01-04,0.9923309747099107,0.007669025290087917
2017-01-05,0.9900112521585293,0.009988747841470021
2017-01-06,0.9924764934992161,0.007523506500783479
2017-01-07,0.9929061463239784,0.007093853676021295
2017-01-08,0.9922839576125227,0.007716042387476546
2017-01-09,0.9924504514396842,0.007549548560314707
2017-01-10,0.9921324059597337,0.007867594040265432
2017-01-11,0.9921027267242923,0.007897273275707217
2017-01-12,0.9922098844042884,0.00779011559571097
2017-01-13,0.9912542356230497,0.008745764376949404
2017-01-14,0.9917641627811677,0.008235837218831464
2017-01-15,0.9894318338620728,0.01056816613792696
2017-01-16,0.9901039950209128,0.009896004979086648
2017-01-17,0.9904677467461022,0.009532253253896904
2017-01-18,0.9574355150280204,0.04256448497197914
2017-01-19,0.9179439133402173,0.08205608665978205
2017-01-20,0.9144390573533432,0.0855609426466562
2017-01-21,0.9176422972957443,0.08235770270425498
2017-01-22,0.9188169733551863,0.08118302664481301
2017-01-23,0.919413908764193,0.08058609123580603
2017-01-24,0.9193136778726955,0.08068632212730371
2017-01-25,0.9447929250158343,0.05520707498416457
2017-01-26,0.9475795602142623,0.05242043978573667
2017-01-27,0.9480731073852794,0.051926892614719555
2017-01-28,0.9477930414707767,0.05220695852922253
2017-01-29,0.9484027256941796,0.05159727430581928
2017-01-30,0.9582425660397523,0.04175743396024657
2017-01-31,0.958715786189928,0.04128421381007108
2017-02-01,0.9596482010002617,0.04035179899973682
2017-02-02,0.9583578914207581,0.041642108579240625
2017-02-03,0.9594171098964975,0.04058289010350106
2017-02-04,0.9615533827940453,0.038446617205953285
2017-02-05,0.9613269049414201,0.03867309505857851
2017-02-06,0.9613843593212812,0.03861564067871803
2017-02-07,0.9625350173398218,0.037464982660177434
2017-02-08,0.9620718923776861,0.037928107622312975
2017-02-09,0.9625248666146098,0.0374751333853895
2017-02-10,0.9639565441019191,0.03604345589807993
2017-02-11,0.964021233197207,0.03597876680279246
2017-02-12,0.9639889932881077,0.036011006711891586
2017-02-13,0.9651763131224168,0.03482368687758213
2017-02-14,0.9651184576852696,0.03488154231472912
2017-02-15,0.9874257588877792,0.012574241112219822
2017-02-16,0.9887914534285518,0.011208546571446812
2017-02-17,0.9884576241515397,0.011542375848458747
2017-02-18,0.9884432369986683,0.011556763001330534
2017-02-19,0.9870567895293295,0.01294321047066931
2017-02-20,0.9854193429390083,0.014580657060990357
2017-02-21,0.9861689749661269,0.013831025033872008
2017-02-22,0.987110763002948,0.012889236997051048
2017-02-23,0.9683566184722955,0.03164338152770319
2017-02-24,0.9413348043533358,0.05866519564666254
2017-02-25,0.9171045954098616,0.08289540459013688
2017-02-26,0.8916225574437207,0.10837744255627775
2017-02-27,0.8724449188259225,0.12755508117407632
2017-02-28,0.8725357899364806,0.12746421006351757
2017-03-01,0.8739489303858364,0.12605106961416188
2017-03-02,0.8748547872553282,0.12514521274467008
2017-03-03,0.8821962982795981,0.11780370172039978
2017-03-04,0.8830227770797658,0.11697722292023244
2017-03-05,0.8839679338198891,0.11603206618010917
2017-03-06,0.8853473495517843,0.11465265044821382
2017-03-07,0.8861585289052929,0.11384147109470498
2017-03-08,0.9080713850324647,0.09192861496753332
2017-03-09,0.914364481079799,0.08563551892019909
2017-03-10,0.9250772174679696,0.07492278253202844
2017-03-11,0.9257470649379471,0.07425293506205093
2017-03-12,0.9261406646169346,0.07385933538306316
2017-03-13,0.9268920167996777,0.07310798320032011
2017-03-14,0.9274759656699116,0.07252403433008585
2017-03-15,0.9280828322648025,0.07191716773519474
2017-03-16,0.9287512777948502,0.07124872220514711
2017-03-17,0.9330691996873886,0.06693080031260921
2017-03-18,0.9331749111375639,0.06682508886243371
2017-03-19,0.9323072271453469,0.06769277285465138
2017-03-20,0.9334599314002572,0.06654006859974078
2017-03-21,0.9343393646064969,0.06566063539350063
2017-03-22,0.9347426498295444,0.06525735017045367
2017-03-23,0.9462664051128478,0.05373359488714998
2017-03-24,0.9557494446889002,0.04425055531109777
2017-03-25,0.9556416568450209,0.044358343154976346
2017-03-26,0.9557253935139153,0.04427460648608227
2017-03-27,0.9562869843940864,0.043713015605911655
2017-03-28,0.9566507046203697,0.043349295379628124
2017-03-29,0.9568981958909941,0.043101804109002856
2017-03-30,0.9570825074393502,0.04291749256064655
2017-03-31,0.9654253416625681,0.03457465833742855
2017-04-01,0.9672877122878206,0.03271228771217585
2017-04-02,0.9674977787953518,0.032502221204644625
2017-04-03,0.9669136402559911,0.033086359744005714
2017-04-04,0.9669614544930221,0.033038545506974826
2017-04-05,0.9670229879085888,0.03297701209140841
2017-04-06,0.9670439093839418,0.03295609061605554
2017-04-07,0.9676392414500332,0.03236075854996377
2017-04-08,0.9875218118322422,0.01247818816775475
2017-04-09,0.9881934822446634,0.011806517755333224
2017-04-10,0.9881441365216741,0.011855863478322851
2017-04-11,0.9714266413549096,0.028573358645087355
2017-04-12,0.9526514957389997,0.04734850426099771
2017-04-13,0.9464867246622368,0.05351327533776055
2017-04-14,0.9488018418104077,0.051198158189589046
2017-04-15,0.960787781713299,0.039212218286696965
2017-04-16,0.9611058505931348,0.03889414940686114
2017-04-17,0.961613412297814,0.038386587702181535
2017-04-18,0.9620394534831115,0.03796054651688331
2017-04-19,0.9619314584147093,0.038068541585286136
2017-04-20,0.9620434898737105,0.03795651012628505
2017-04-21,0.9630468390927531,0.03695316090724237
2017-04-22,0.978866111661178,0.021133888338817765
2017-04-23,0.9782761999073584,0.021723800092637146
2017-04-24,0.978269524617101,0.021730475382894493
2017-04-25,0.97852867153759,0.021471328462405515
2017-04-26,0.9784798333947173,0.02152016660527835
2017-04-27,0.978557788434094,0.021442211565901797
2017-04-28,0.9791938653919088,0.020806134608087525
2017-04-29,0.9791600767701786,0.02083992322981789
2017-04-30,0.9793629615354761,0.02063703846452098
2017-05-01,0.9795699514548177,0.020430048545179786
2017-05-02,0.9798491560439989,0.020150843955998584
2017-05-03,0.9797471079307138,0.020252892069284028
2017-05-04,0.9796785386154895,0.020321461384509205
2017-05-05,0.9813168407745517,0.01868315922544786
2017-05-06,0.9865910949241764,0.013408905075823208
2017-05-07,0.9861762019649407,0.01382379803505872
2017-05-08,0.9862902656653653,0.013709734334634736
2017-05-09,0.9719032075708157,0.028096792429184614
2017-05-10,0.9579642848312497,0.042035715168751035
2017-05-11,0.9561973571042577,0.04380264289574272
2017-05-12,0.9711958894340703,0.028804110565930397
2017-05-13,0.9722572382571094,0.027742761742891257
2017-05-14,0.9723801228831908,0.027619877116810163
2017-05-15,0.972530600639027,0.027469399360973968
2017-05-16,0.9724627269663503,0.027537273033650455
2017-05-17,0.972687097983648,0.027312902016352864
2017-05-18,0.973020161063408,0.026979838936592854
2017-05-19,0.9731025712279993,0.026897428772001637
2017-05-20,0.9735655291337056,0.026434470866294496
2017-05-21,0.9737247681458383,0.02627523185416081
2017-05-22,0.9780195640595657,0.021980435940432905
2017-05-23,0.9782357584988832,0.02176424150111537
2017-05-24,0.9785092718423735,0.02149072815762466
2017-05-25,0.9788261270087956,0.021173872991202894
2017-05-26,0.9849330288997723,0.015066971100226713
2017-05-27,0.9850719087863413,0.01492809121365847
2017-05-28,0.9853907414136086,0.014609258586391234
2017-05-29,0.9853933025076902,0.014606697492309589
2017-05-30,0.9853671556680205,0.014632844331979719
2017-05-31,0.9852434515685478,0.014756548431451747
2017-06-01,0.9853468995628363,0.014653100437163212
2017-06-02,0.9735500781682355,0.026449921831764176
2017-06-03,0.9616549589723346,0.038345041027665165
2017-06-04,0.9550578127905115,0.04494218720948819
2017-06-05,0.9581539082077949,0.04184609179220495
2017-06-06,0.9595801881545631,0.040419811845436665
2017-06-07,0.9599277129512399,0.04007228704875975
2017-06-08,0.962058853490893,0.03794114650910649
2017-06-09,0.9748687052183995,0.025131294781599433
2017-06-10,0.9814577764532848,0.018542223546714236
2017-06-11,0.9816537660335555,0.018346233966444112
2017-06-12,0.9803037323414706,0.019696267658529432
2017-06-13,0.982915658087904,0.017084341912095298
2017-06-14,0.9869290582374027,0.013070941762597394
2017-06-15,0.9874575177083736,0.012542482291625471
2017-06-16,0.9875049067325793,0.01249509326742046
2017-06-17,0.9872069225481382,0.012793077451860601
2017-06-18,0.9870878055081614,0.012912194491837663
2017-06-19,0.9871696506005315,0.012830349399467138
2017-06-20,0.9868300751799783,0.013169924820021458
2017-06-21,0.9867771448106327,0.013222855189367857
2017-06-22,0.9825530324391591,0.017446967560841128
2017-06-23,0.9715371696477121,0.028462830352288377
2017-06-24,0.9673365845079657,0.03266341549203541
2017-06-25,0.9662728155733113,0.033727184426689774
2017-06-26,0.9655112160855698,0.034488783914432115
2017-06-27,0.9653272906921586,0.03467270930784279
2017-06-28,0.9647317591238117,0.03526824087619082
2017-06-29,0.963995477934905,0.036004522065097584
2017-06-30,0.9638128715606296,0.03618712843937372
2017-07-01,0.9645850782535254,0.03541492174647737
2017-07-02,0.96448421742541,0.035515782574593195
2017-07-03,0.9646526580165349,0.03534734198346774
2017-07-04,0.9647331396809001,0.035266860319101444
2017-07-05,0.9647220563106863,0.035277943689316006
2017-07-06,0.9649906825388853,0.0350093174611176
2017-07-07,0.9650621458413811,0.03493785415861985
2017-07-08,0.9645145726111958,0.03548542738880473
2017-07-09,0.9647145682386993,0.035285431761301264
2017-07-10,0.9643446685580918,0.0356553314419105
2017-07-11,0.9641762467809369,0.03582375321906455
2017-07-12,0.964083973320501,0.03591602667949972
2017-07-13,0.9640154550594349,0.03598454494056378
2017-07-14,0.9640668877654085,0.035933112234591225
2017-07-15,0.9643558399549347,0.03564416004506608
2017-07-16,0.964684932178573,0.03531506782142677
2017-07-17,0.9649570652441526,0.03504293475584717
2017-07-18,0.9680792349477384,0.03192076505225987
2017-07-19,0.9785603639982747,0.021439636001724653
2017-07-20,0.9805173174705786,0.019482682529421383
2017-07-21,0.9801401540595744,0.019859845940427136
2017-07-22,0.9737197161588335,0.02628028384116789
2017-07-23,0.9641530737847558,0.03584692621524638
2017-07-24,0.9636809215564672,0.03631907844353435
2017-07-25,0.9628174503140715,0.037182549685931744
2017-07-26,0.9621799786494037,0.03782002135059915
2017-07-27,0.9603138749080876,0.03968612509191531
2017-07-28,0.961508712917756,0.038491287082247805
2017-07-29,0.9606237054400766,0.039376294559926986
2017-07-30,0.959531631880075,0.04046836811992726
2017-07-31,0.9589452153819553,0.04105478461804738
2017-08-01,0.957759875401462,0.04224012459853957
2017-08-02,0.9577205644234453,0.04227943557655729
2017-08-03,0.9578411622992496,0.04215883770075235
2017-08-04,0.9579291613997565,0.04207083860024593
2017-08-05,0.9579082209687305,0.042091779031271745
2017-08-06,0.9577682759915516,0.04223172400845146
2017-08-07,0.9578299744020353,0.042170025597968834
2017-08-08,0.9577916298486765,0.042208370151328875
2017-08-09,0.9593117429723131,0.040688257027693214
2017-08-10,0.9701674910020286,0.029832508997978378
2017-08-11,0.9731804811480235,0.026819518851982284
2017-08-12,0.9696221744513511,0.03037782554865393
2017-08-13,0.9708395375450916,0.029160462454913456
2017-08-14,0.9699801300559958,0.030019869944008265
2017-08-15,0.9705809321889896,0.029419067811012833
2017-08-16,0.9703380619326945,0.029661938067306586
2017-08-17,0.9599676438349856,0.04003235616501631
2017-08-18,0.9596440759724411,0.04035592402755684
2017-08-19,0.9582773173733434,0.04172268262665594
2017-08-20,0.9588138734847467,0.04118612651525142
2017-08-21,0.9589579768526811,0.04104202314731767
2017-08-22,0.9583937341074424,0.04160626589255423
2017-08-23,0.9576779578822096,0.04232204211778578
2017-08-24,0.9580632023581359,0.04193679764185854
2017-08-25,0.9561415036894882,0.0438584963105074
2017-08-26,0.9551604396426161,0.04483956035738286
2017-08-27,0.9546286613044556,0.04537133869554258
2017-08-28,0.9547951937780181,0.04520480622197875
2017-08-29,0.9542702611985706,0.04572973880142767
2017-08-30,0.9521901621442859,0.04780983785571495
2017-08-31,0.9512369982613965,0.04876300173860282
2017-09-01,0.9521174755943027,0.04788252440569901
2017-09-02,0.9522384279233197,0.047761572076682045
2017-09-03,0.952075122833926,0.0479248771660771
2017-09-04,0.9521495750846074,0.04785042491539308
2017-09-05,0.9517126872101598,0.048287312789843065
2017-09-06,0.9519664788910378,0.048033521108962876
2017-09-07,0.9520090853655557,0.04799091463444541
2017-09-08,0.9520723978294583,0.04792760217054326
2017-09-09,0.9524415381470838,0.047558461852916234
2017-09-10,0.9523567675355655,0.04764323246443276
2017-09-11,0.9522145963426873,0.047785403657313076
2017-09-12,0.9558373509236564,0.0441626490763453
2017-09-13,0.9571526203851524,0.04284737961485064
2017-09-14,0.96555506971769,0.03444493028231124
2017-09-15,0.9654362314507118,0.034563768549289685
2017-09-16,0.9658819795353399,0.03411802046466234
2017-09-17,0.9658044107824629,0.03419558921753961
2017-09-18,0.9656930621018935,0.03430693789810816
2017-09-19,0.9656920482053921,0.034307951794608535
2017-09-20,0.9659298636930755,0.03407013630692513
2017-09-21,0.9660422943521554,0.03395770564784588
2017-09-22,0.9660394539492789,0.033960546050720505
2017-09-23,0.9657341384633635,0.034265861536637895
2017-09-24,0.9657463034903186,0.03425369650968117
2017-09-25,0.9705352435513204,0.02946475644867989
2017-09-26,0.9702726535500107,0.029727346449989957
2017-09-27,0.9706255646507831,0.02937443534921692
2017-09-28,0.9755586666454864,0.02444133335451303
2017-09-29,0.9683713517089472,0.03162864829105083
2017-09-30,0.9611383630646635,0.03886163693533362
2017-10-01,0.9575846209208624,0.04241537907913193
2017-10-02,0.9569517923607722,0.04304820763922089
2017-10-03,0.957047163881714,0.04295283611828137
2017-10-04,0.9574078626852454,0.04259213731474646
2017-10-05,0.9575059409950184,0.04249405900497281
2017-10-06,0.9591967821570551,0.04080321784293981
2017-10-07,0.9592828212226125,0.04071717877738126
2017-10-08,0.9581092107148326,0.04189078928516052
2017-10-09,0.957481718353458,0.04251828164653708
2017-10-10,0.956301094133124,0.043698905866871265
2017-10-11,0.9559954068925244,0.044004593107471096
2017-10-12,0.9626588474500436,0.037341152549948624
2017-10-13,0.965805292375185,0.03419470762480317
2017-10-14,0.9656171529258177,0.03438284707417513
2017-10-15,0.9648362432439382,0.035163756756052864
2017-10-16,0.9640602777936974,0.03593972220629372
2017-10-17,0.9627665263317278,0.03723347366826382
2017-10-18,0.9643334765592234,0.03566652344076874
2017-10-19,0.9646573927167312,0.03534260728326361
2017-10-20,0.9639372333733602,0.036062766626634477
2017-10-21,0.9637832405387668,0.03621675946123177
2017-10-22,0.9630813296823139,0.036918670317684026
2017-10-23,0.9628364747904136,0.03716352520958828
2017-10-24,0.9619216724493999,0.038078327550602385
2017-10-25,0.9617398950176962,0.03826010498230777
2017-10-26,0.960794638593734,0.03920536140626769
2017-10-27,0.9607216894814465,0.039278310518556646
2017-10-28,0.959514647831945,0.040485352168056196
2017-10-29,0.9590705492115439,0.04092945078845524
2017-10-30,0.9587047549678557,0.04129524503214132
2017-10-31,0.958219025106134,0.041780974893864
2017-11-01,0.9582000849331143,0.0417999150668795
2017-11-02,0.958438307666861,0.04156169233313316
2017-11-03,0.9570421715830426,0.042957828416946765
2017-11-04,0.9575033841626768,0.042496615837315156
2017-11-05,0.9574373038539448,0.04256269614604503
2017-11-06,0.9570260662707382,0.04297393372925243
2017-11-07,0.9575267381147524,0.04247326188524057
2017-11-08,0.9575366314428885,0.04246336855710319
2017-11-09,0.9576790798897202,0.04232092011027055
2017-11-10,0.957250357028585,0.04274964297140655
2017-11-11,0.957762905416425,0.04223709458356648
2017-11-12,0.9577916764051958,0.04220832359479549
2017-11-13,0.9575449572874901,0.04245504271249904
2017-11-14,0.9568059702309404,0.04319402976904807
2017-11-15,0.9562947604649581,0.043705239535033254
2017-11-16,0.9610456717974217,0.03895432820256821
2017-11-17,0.9604387095830836,0.03956129041690636
2017-11-18,0.9569907592657692,0.0430092407342219
2017-11-19,0.9572217158654129,0.042778284134577106
2017-11-20,0.9578485840753644,0.0421514159246238
2017-11-21,0.957390342972001,0.04260965702798626
2017-11-22,0.9578675347510837,0.04213246524890605
2017-11-23,0.952025074542332,0.04797492545766592
2017-11-24,0.9489386170076551,0.051061382992341794
2017-11-25,0.9487641548563255,0.05123584514366278
2017-11-26,0.9485551374926599,0.05144486250733315
2017-11-27,0.9482241292298371,0.051775870770161485
2017-11-28,0.9524459001069652,0.04755409989303123
2017-11-29,0.950749170533093,0.04925082946690468
2017-11-30,0.9504393915602141,0.049560608439785464
2017-12-01,0.951716395942985,0.0482836040570125
2017-12-02,0.9511340893358511,0.048865910664143634
2017-12-03,0.9510527441723569,0.04894725582764043
2017-12-04,0.9511110860005957,0.04888891399939854
2017-12-05,0.950768836009249,0.04923116399075322
2017-12-06,0.9505603787641397,0.049439621235867544
2017-12-07,0.9506705550301489,0.04932944496985965
2017-12-08,0.9497640173209022,0.05023598267911148
2017-12-09,0.9498963590282857,0.05010364097172404
2017-12-10,0.9498893850859482,0.050110614914068666
2017-12-11,0.9501925028697311,0.049807497130290396
2017-12-12,0.9502158327491236,0.04978416725090196
2017-12-13,0.9504477155962427,0.04955228440378742
2017-12-14,0.9503442888977676,0.04965571110227122
2017-12-15,0.9514370275561783,0.04856297244386071
2017-12-16,0.9568096008080491,0.04319039919198574
2017-12-17,0.9584172692667142,0.04158273073332035
2017-12-18,0.958085342277552,0.0419146577224876
2017-12-19,0.9581328164390978,0.041867183560935974
2017-12-20,0.9580663222025007,0.04193367779753124
2017-12-21,0.9581512152838315,0.041848784716203964
2017-12-22,0.957639057717083,0.042360942282955984
2017-12-23,0.9571444969015239,0.04285550309851961
2017-12-24,0.9572281778692472,0.04277182213079108
2017-12-25,0.9599942263202269,0.04000577367980885
2017-12-26,0.9589439480499947,0.04105605195004268
2017-12-27,0.9591778462816576,0.040822153718375206
2017-12-28,0.9590126544680282,0.04098734553199991
2017-12-29,0.9589500472347482,0.04104995276528324
2017-12-30,0.959311561212166,0.040688438787868056
2017-12-31,0.959176303001553,0.040823696998481526
2018-01-01,0.9595725172280218,0.04042748277201339
2018-01-02,0.9604508917441095,0.03954910825592112
2018-01-03,0.9605693810507563,0.03943061894927065
2018-01-04,0.9612845362651069,0.038715463734917126
2018-01-05,0.9613141449362282,0.03868585506379633
2018-01-06,0.9612887405504021,0.0387112594496211
2018-01-07,0.9609246561795934,0.03907534382043396
2018-01-08,0.9618430664611954,0.03815693353883051
2018-01-09,0.9619077507175713,0.03809224928245751
2018-01-10,0.9619390094989129,0.03806099050112344
2018-01-11,0.9628399738200478,0.03716002617998808
2018-01-12,0.9628207501293711,0.03717924987066293
2018-01-13,0.9629339131497298,0.0370660868502988
2018-01-14,0.9630392455231613,0.03696075447686229
2018-01-15,0.9632547716659449,0.03674522833407531
2018-01-16,0.9558501020765491,0.04414989792347275
2018-01-17,0.9564509943744819,0.04354900562553201
2018-01-18,0.9600868184513365,0.039913181548679705
2018-01-19,0.9649018007965509,0.035098199203456706
2018-01-20,0.966265888273436,0.033734111726575554
2018-01-21,0.9617933945207666,0.03820660547923985
2018-01-22,0.9558790392823723,0.044120960717630976
2018-01-23,0.9557817625214488,0.04421823747855292
2018-01-24,0.9550334575883749,0.04496654241163133
2018-01-25,0.9553333733953181,0.04466662660468839
2018-01-26,0.9555428609219849,0.04445713907802028
2018-01-27,0.9558102787185523,0.04418972128145215
2018-01-28,0.9568841584664538,0.04311584153355651
2018-01-29,0.9570312203893664,0.04296877961064364
2018-01-30,0.9510400200896771,0.04895997991033194
2018-01-31,0.9453534136895478,0.05464658631045769
2018-02-01,0.9455758753506746,0.05442412464933309
2018-02-02,0.9456107036062844,0.054389296393717604
2018-02-03,0.9455158085962017,0.054484191403806594
2018-02-04,0.9457382156748116,0.054261784325192616
2018-02-05,0.9454698442081108,0.05453015579189203
2018-02-06,0.9452071075599301,0.05479289244007991
2018-02-07,0.9453332865467974,0.054666713453205805
2018-02-08,0.9455582335411867,0.054441766458815134
2018-02-09,0.9433647527909802,0.05663524720902494
2018-02-10,0.9423565566851979,0.057643443314813164
2018-02-11,0.9393802814135259,0.06061971858648376
2018-02-12,0.9382395904984636,0.06176040950155046
2018-02-13,0.9352926664329027,0.06470733356710931
2018-02-14,0.9355572521682554,0.0644427478317543
2018-02-15,0.9347141105581709,0.06528588944183983
2018-02-16,0.9298987489456857,0.07010125105432584
2018-02-17,0.9296842462266596,0.07031575377335736
2018-02-18,0.9294644853304443,0.0705355146695759
2018-02-19,0.9294076288954125,0.07059237110460738
2018-02-20,0.9291679672688204,0.07083203273119905
2018-02-21,0.9285730158169807,0.07142698418304211
2018-02-22,0.9293808019587104,0.07061919804131646
2018-02-23,0.9291134076083136,0.07088659239171174
2018-02-24,0.9325783812605968,0.06742161873943592
2018-02-25,0.934887385259793,0.06511261474023969
2018-02-26,0.9345107993502825,0.0654892006497528
2018-02-27,0.9341372828913741,0.06586271710866747
2018-02-28,0.9340137385009336,0.0659862614991078
2018-03-01,0.9337529042962082,0.06624709570383153
2018-03-02,0.9335330611902015,0.06646693880983363
2018-03-03,0.9333889921695487,0.06661100783049097
2018-03-04,0.9335923859725661,0.06640761402747643
2018-03-05,0.933365053433266,0.06663494656677897
2018-03-06,0.9335129857927025,0.06648701420734254
2018-03-07,0.9334537770951606,0.06654622290488757
2018-03-08,0.9336828739204102,0.06631712607964203
2018-03-09,0.9338521884622853,0.06614781153776482
2018-03-10,0.9340035939904796,0.0659964060095685
2018-03-11,0.934131367848862,0.06586863215118775
2018-03-12,0.9341268668008804,0.06587313319917587
2018-03-13,0.9344174344307155,0.06558256556934407
2018-03-14,0.9311236471214694,0.06887635287858444
2018-03-15,0.9306683036295004,0.06933169637054738
2018-03-16,0.9303129743164821,0.06968702568357148
2018-03-17,0.9296361392643939,0.07036386073565876
2018-03-18,0.9298019490536935,0.0701980509463639
2018-03-19,0.9296402726427228,0.07035972735733338
2018-03-20,0.929157209010244,0.07084279098981637
2018-03-21,0.9286887231319746,0.07131127686808914
2018-03-22,0.9284891791718176,0.07151082082824836
2018-03-23,0.9282616097771972,0.07173839022286484
2018-03-24,0.9323952624358143,0.06760473756425327
2018-03-25,0.9336251372139323,0.06637486278614142
2018-03-26,0.9335094274899376,0.06649057251013883
2018-03-27,0.933343294184898,0.06665670581517556
2018-03-28,0.9332338400064091,0.06676615999366657
2018-03-29,0.9335277959499072,0.0664722040501592
2018-03-30,0.9344810883342302,0.06551891166583569
2018-03-31,0.9336297728714575,0.06637022712860831
2018-04-01,0.9336801378041262,0.06631986219595502
2018-04-02,0.9328891621421554,0.0671108378579128
2018-04-03,0.9330191025509136,0.06698089744915543
2018-04-04,0.9327767516821629,0.06722324831790082
2018-04-05,0.9324891693009173,0.06751083069915015
2018-04-06,0.9327832421194564,0.06721675788061159
2018-04-07,0.9332112410603995,0.06678875893966862
2018-04-08,0.9328948962612986,0.06710510373877124
2018-04-09,0.9325182222327274,0.06748177776734673
2018-04-10,0.9320503877406455,0.0679496122594222
2018-04-11,0.9322188052866622,0.06778119471340131
2018-04-12,0.9320984327196641,0.06790156728039862
2018-04-13,0.9315555729185494,0.06844442708152125
2018-04-14,0.9313525549332256,0.06864744506684627
2018-04-15,0.9309464291699765,0.06905357083009145
2018-04-16,0.9305677040591978,0.0694322959408595
2018-04-17,0.9306406660723645,0.06935933392768552
2018-04-18,0.9301317937933711,0.06986820620669082
2018-04-19,0.9298315193010079,0.07016848069904394
2018-04-20,0.931170787442663,0.06882921255739478
2018-04-21,0.9348422538193459,0.0651577461807098
2018-04-22,0.9345410263130621,0.06545897368698601
2018-04-23,0.9348367090803653,0.06516329091969245
2018-04-24,0.9345252245412591,0.06547477545880545
2018-04-25,0.934541421249983,0.06545857875008476
2018-04-26,0.9346595007064205,0.06534049929364133
2018-04-27,0.9352041273202908,0.06479587267976589
2018-04-28,0.9346191051816528,0.06538089481839061
2018-04-29,0.9343307060533511,0.06566929394668922
2018-04-30,0.9339326731200714,0.06606732687997194
2018-05-01,0.9338065138310817,0.06619348616897032
2018-05-02,0.9334617099399005,0.0665382900601531
2018-05-03,0.93363784989529,0.06636215010477416
2018-05-04,0.9333259959663364,0.06667400403372403
2018-05-05,0.9331605235026356,0.06683947649743557
2018-05-06,0.9328578591790214,0.067142140821038
2018-05-07,0.9331268187169641,0.06687318128309822
2018-05-08,0.9332222402962367,0.066777759703831
2018-05-09,0.9333433126470114,0.06665668735306676
2018-05-10,0.9334003708565609,0.0665996291435161
2018-05-11,0.9333940223629055,0.06660597763717409
2018-05-12,0.9334637331861135,0.06653626681397129
2018-05-13,0.9342584090949835,0.06574159090510846
2018-05-14,0.9344594635748967,0.06554053642519697
2018-05-15,0.9346432972494861,0.06535670275060744
2018-05-16,0.9346450779432875,0.06535492205679325
2018-05-17,0.9352409100128171,0.06475908998726175
2018-05-18,0.9356876613206956,0.0643123386793804
2018-05-19,0.9362875588916064,0.06371244110847424
2018-05-20,0.9364600451922336,0.06353995480785167
2018-05-21,0.9365049855350047,0.0634950144650904
2018-05-22,0.9359940238985167,0.06400597610156891
2018-05-23,0.9355116095646041,0.06448839043548081
2018-05-24,0.9355484078754215,0.06445159212466302
2018-05-25,0.936473973816065,0.06352602618403067
2018-05-26,0.9407193369519404,0.05928066304815217
2018-05-27,0.9425629497195789,0.057437050280524066
2018-05-28,0.9426397189801456,0.057360281019956376
2018-05-29,0.9421158926561392,0.05788410734397262
2018-05-30,0.9425770509300309,0.05742294907008899
2018-05-31,0.9420677117914955,0.05793228820862146
2018-06-01,0.9428010383006201,0.05719896169948858
2018-06-02,0.9432166152922851,0.05678338470783486
2018-06-03,0.9434373845529669,0.05656261544715104
2018-06-04,0.9441740547584545,0.05582594524165761
2018-06-05,0.9441516596716749,0.05584834032844625
2018-06-06,0.9434066968815029,0.056593303118622096
2018-06-07,0.9438570137292429,0.05614298627088038
2018-06-08,0.9430151906576937,0.056984809342419555
2018-06-09,0.943194514087273,0.056805485912837204
2018-06-10,0.9437682718477033,0.05623172815241024
2018-06-11,0.9426755253394867,0.05732447466062847
2018-06-12,0.9426301388690217,0.057369861131089474
2018-06-13,0.942723759519815,0.05727624048028744
2018-06-14,0.9428898869648205,0.057110113035275446
2018-06-15,0.943057990132636,0.05694200986746595
2018-06-16,0.9407429252334557,0.0592570747666479
2018-06-17,0.9407746088098795,0.059225391190228995
2018-06-18,0.9409305408649373,0.05906945913516967
2018-06-19,0.9402919503225438,0.059708049677561145
2018-06-20,0.9388228053006739,0.0611771946994347
2018-06-21,0.9405584057920191,0.05944159420809065
2018-06-22,0.9426341940778975,0.05736580592220812
2018-06-23,0.9442982053219285,0.055701794678183536
2018-06-24,0.9454844636669248,0.05451553633318814
2018-06-25,0.9453813782829885,0.0546186217171245
2018-06-26,0.9448598033465251,0.05514019665359348
2018-06-27,0.9442058945850685,0.05579410541503946
2018-06-28,0.944282651592413,0.05571734840768502
2018-06-29,0.9441211898045209,0.05587881019558022
2018-06-30,0.9441809814880795,0.05581901851201921
2018-07-01,0.944043067859623,0.05595693214048237
2018-07-02,0.9413753255745513,0.058624674425548626
2018-07-03,0.9419033820864353,0.05809661791367471
2018-07-04,0.9424825497715249,0.05751745022859495
2018-07-05,0.9426084985367433,0.057391501463381074
2018-07-06,0.9432009501558289,0.056799049844298115
2018-07-07,0.943234077290324,0.0567659227097986
2018-07-08,0.9433435884343322,0.05665641156579504
2018-07-09,0.9408035645213451,0.0591964354787846
2018-07-10,0.9409114217925264,0.05908857820760428
2018-07-11,0.9409236344191046,0.05907636558101395
2018-07-12,0.9408338609417095,0.05916613905841113
2018-07-13,0.9410047675548198,0.05899523244530002
2018-07-14,0.9407746916332754,0.05922530836683493
2018-07-15,0.9404318992555977,0.05956810074450392
2018-07-16,0.9403759751657494,0.05962402483435926
2018-07-17,0.9408528343984692,0.059147165601637235
2018-07-18,0.9410059113410891,0.05899408865902282
2018-07-19,0.941454361392115,0.058545638607996185
2018-07-20,0.9419765829331032,0.05802341706701523
2018-07-21,0.9420119068601306,0.057988093139985895
2018-07-22,0.9421849992140582,0.057815000786052895
2018-07-23,0.9421400894960673,0.057859910504053494
2018-07-24,0.945547906888674,0.05445209311144278
2018-07-25,0.9425388860473595,0.05746111395275226
2018-07-26,0.9430888499346268,0.05691115006548496
2018-07-27,0.9438582928216698,0.056141707178444564
2018-07-28,0.9439147942411134,0.0560852057590075
2018-07-29,0.9440105308232407,0.055989469176881176
2018-07-30,0.9456602194748179,0.05433978052530124
2018-07-31,0.9457215933654709,0.0542784066346467
2018-08-01,0.9457330965045433,0.05426690349556261
2018-08-02,0.9458228902686265,0.05417710973147587
2018-08-03,0.9459206812475406,0.054079318752559814
2018-08-04,0.9426120462601784,0.05738795373992971
2018-08-05,0.9429295156158155,0.05707048438429532
2018-08-06,0.9427106998445756,0.05728930015553697
2018-08-07,0.9426958175838279,0.057304182416281914
2018-08-08,0.9393477025614484,0.060652297438657195
2018-08-09,0.9393510173562581,0.06064898264385533
2018-08-10,0.9379966417229597,0.062003358277150006
2018-08-11,0.9340524311669427,0.0659475688331673
2018-08-12,0.9300554470131731,0.06994455298693279
2018-08-13,0.9302566776618182,0.06974332233829335
2018-08-14,0.9305418926464897,0.06945810735362264
2018-08-15,0.9308807224707715,0.06911927752934185
2018-08-16,0.930573576179362,0.06942642382075097
2018-08-17,0.930324066992371,0.06967593300773692
2018-08-18,0.9309018788110898,0.06909812118901838
2018-08-19,0.930974033076374,0.06902596692373131
2018-08-20,0.9309936507101411,0.0690063492899646
2018-08-21,0.9274476316697129,0.07255236833039341
2018-08-22,0.9271606170391444,0.07283938296096747
2018-08-23,0.9275355343343469,0.07246446566576727
2018-08-24,0.9279253557006898,0.07207464429943422
2018-08-25,0.9279293862434258,0.07207061375670042
2018-08-26,0.9280021040902797,0.0719978959098429
2018-08-27,0.9279201953205117,0.07207980467962224
2018-08-28,0.9304951004244969,0.0695048995756391
2018-08-29,0.9310430956285919,0.06895690437154336
2018-08-30,0.9315402495110069,0.06845975048913208
2018-08-31,0.9317559122172172,0.06824408778292534
2018-09-01,0.9296150660352425,0.07038493396489784
2018-09-02,0.9294373978663826,0.07056260213375323
2018-09-03,0.9297027136615051,0.07029728633863176
2018-09-04,0.929994276183116,0.07000572381702444
2018-09-05,0.9303218396246979,0.0696781603754527
2018-09-06,0.9300923483478422,0.06990765165231853
2018-09-07,0.9306808432121291,0.06931915678802669
2018-09-08,0.9305822882028727,0.06941771179727577
2018-09-09,0.9309387673691486,0.06906123263099449
2018-09-10,0.930762656823528,0.06923734317661515
2018-09-11,0.930666072703201,0.06933392729694127
2018-09-12,0.9308793961381435,0.06912060386199527
2018-09-13,0.9314765196252762,0.06852348037486378
2018-09-14,0.9313349811045168,0.06866501889562582
2018-09-15,0.9316320592953473,0.06836794070478994
2018-09-16,0.9314996621442899,0.06850033785584901
2018-09-17,0.9319319014448189,0.06806809855531808
2018-09-18,0.9317677159396364,0.06823228406050776
2018-09-19,0.9321534770438864,0.0678465229562621
2018-09-20,0.9300886540050262,0.06991134599512058
2018-09-21,0.9331536494657021,0.06684635053444982
2018-09-22,0.9353139630626074,0.06468603693755164
2018-09-23,0.9350043807098818,0.06499561929026931
2018-09-24,0.93444697320389,0.06555302679626183
2018-09-25,0.9352670271311665,0.06473297286898486
